Date ,Open ,High ,Low ,Close ,Shares Traded ,Turnover (₹ Cr)
07-NOV-2025,16988.25,17062.25,16825.05,17020.05,557054032,23251.09
06-NOV-2025,17335.5,17342.5,17034.65,17061.5,701920078,23247.05
04-NOV-2025,17463.75,17466.15,17302.55,17320.2,585258662,18914.9
03-NOV-2025,17335.15,17460.75,17333.85,17434.85,561841642,19167.24
31-OCT-2025,17445.05,17483.15,17297.35,17313.9,774167550,26150.08
30-OCT-2025,17444.9,17447.55,17359.25,17411.55,1043360117,24123.98
29-OCT-2025,17363.35,17433.95,17294.45,17423.6,660217773,23032.88
28-OCT-2025,17362.8,17407.1,17297.4,17346.4,468672226,19197.47
27-OCT-2025,17267.4,17339.05,17228.7,17330.15,463537358,18716.35
24-OCT-2025,17270.95,17285.2,17172.3,17219,492828652,16515.29
23-OCT-2025,17345.45,17354.5,17227.75,17245.55,617362040,17077.17
21-OCT-2025,17249.2,17315.35,17247.6,17286.7,122170407,4015.18
20-OCT-2025,17135.55,17177,17054.1,17167.4,522300747,19457.19
17-OCT-2025,17123.2,17165.05,17036.35,17076.55,438371627,18507.94
16-OCT-2025,17105.6,17162.2,17089.15,17117.2,491207339,17144.85
15-OCT-2025,16952.6,17060.35,16917.8,17052,397530630,14408.22
14-OCT-2025,17111.65,17132.75,16877.6,16913.4,421448642,18839.61
13-OCT-2025,17045.85,17080.7,16988.5,17063.1,455224235,16997.65
10-OCT-2025,17037.35,17130.55,16986.15,17112.75,650514418,18963.08